<?xml version="1.0" encoding="UTF-8"?>
<GenRun Id="sem_0_sem_vio_synth_1" LaunchPart="xc7a35tcpg236-1" LaunchTime="1701106634">
  <File Type="PA-TCL" Name="sem_0_sem_vio.tcl"/>
  <File Type="REPORTS-TCL" Name="sem_0_sem_vio_reports.tcl"/>
  <File Type="RDS-RDS" Name="sem_0_sem_vio.vds"/>
  <File Type="RDS-UTIL" Name="sem_0_sem_vio_utilization_synth.rpt"/>
  <File Type="RDS-UTIL-PB" Name="sem_0_sem_vio_utilization_synth.pb"/>
  <File Type="RDS-DCP" Name="sem_0_sem_vio.dcp"/>
  <FileSet Name="sources" Type="BlockSrcs" RelSrcDir="$PSRCDIR/sem_0_sem_vio">
    <File Path="$PSRCDIR/sources_1/ip/sem_0_sem_vio/sem_0_sem_vio.xci">
      <FileInfo>
        <Attr Name="UsedIn" Val="synthesis"/>
        <Attr Name="UsedIn" Val="implementation"/>
        <Attr Name="UsedIn" Val="simulation"/>
      </FileInfo>
    </File>
    <Config>
      <Option Name="TopModule" Val="sem_0_sem_vio"/>
      <Option Name="UseBlackboxStub" Val="1"/>
    </Config>
  </FileSet>
  <FileSet Name="constrs_in" Type="BlockSrcs" RelSrcDir="$PSRCDIR/sem_0_sem_vio">
    <File Path="$PSRCDIR/sources_1/ip/sem_0_sem_vio/sem_0_sem_vio.xci">
      <FileInfo>
        <Attr Name="UsedIn" Val="synthesis"/>
        <Attr Name="UsedIn" Val="implementation"/>
        <Attr Name="UsedIn" Val="simulation"/>
      </FileInfo>
    </File>
    <Config>
      <Option Name="TopModule" Val="sem_0_sem_vio"/>
      <Option Name="UseBlackboxStub" Val="1"/>
    </Config>
  </FileSet>
  <FileSet Name="utils" Type="Utils" RelSrcDir="$PSRCDIR/utils_1">
    <Filter Type="Utils"/>
    <Config>
      <Option Name="TopAutoSet" Val="TRUE"/>
    </Config>
  </FileSet>
  <Strategy Version="1" Minor="2">
    <StratHandle Name="Vivado Synthesis Defaults" Flow="Vivado Synthesis 2021"/>
    <Step Id="synth_design"/>
  </Strategy>
</GenRun>
