<?xml version="1.0" encoding="UTF-8"?>
<GenRun Id="impl_1" LaunchPart="xc7a35tcpg236-1" LaunchTime="1701286762">
  <File Type="ROUTE-PWR" Name="sem_0_sem_example_power_routed.rpt"/>
  <File Type="PA-TCL" Name="sem_0_sem_example.tcl"/>
  <File Type="BITSTR-MMI" Name="sem_0_sem_example.mmi"/>
  <File Type="OPT-METHODOLOGY-DRC" Name="sem_0_sem_example_methodology_drc_opted.rpt"/>
  <File Type="INIT-TIMING" Name="sem_0_sem_example_timing_summary_init.rpt"/>
  <File Type="ROUTE-PWR-SUM" Name="sem_0_sem_example_power_summary_routed.pb"/>
  <File Type="REPORTS-TCL" Name="sem_0_sem_example_reports.tcl"/>
  <File Type="OPT-TIMING" Name="sem_0_sem_example_timing_summary_opted.rpt"/>
  <File Type="OPT-DCP" Name="sem_0_sem_example_opt.dcp"/>
  <File Type="OPT-DRC" Name="sem_0_sem_example_drc_opted.rpt"/>
  <File Type="OPT-HWDEF" Name="sem_0_sem_example.hwdef"/>
  <File Type="PWROPT-DCP" Name="sem_0_sem_example_pwropt.dcp"/>
  <File Type="PWROPT-DRC" Name="sem_0_sem_example_drc_pwropted.rpt"/>
  <File Type="PWROPT-TIMING" Name="sem_0_sem_example_timing_summary_pwropted.rpt"/>
  <File Type="PLACE-DCP" Name="sem_0_sem_example_placed.dcp"/>
  <File Type="PLACE-IO" Name="sem_0_sem_example_io_placed.rpt"/>
  <File Type="PLACE-CLK" Name="sem_0_sem_example_clock_utilization_placed.rpt"/>
  <File Type="PLACE-UTIL" Name="sem_0_sem_example_utilization_placed.rpt"/>
  <File Type="PLACE-UTIL-PB" Name="sem_0_sem_example_utilization_placed.pb"/>
  <File Type="PLACE-CTRL" Name="sem_0_sem_example_control_sets_placed.rpt"/>
  <File Type="PLACE-SIMILARITY" Name="sem_0_sem_example_incremental_reuse_placed.rpt"/>
  <File Type="PLACE-PRE-SIMILARITY" Name="sem_0_sem_example_incremental_reuse_pre_placed.rpt"/>
  <File Type="BG-BIN" Name="sem_0_sem_example.bin"/>
  <File Type="PLACE-TIMING" Name="sem_0_sem_example_timing_summary_placed.rpt"/>
  <File Type="POSTPLACE-PWROPT-DCP" Name="sem_0_sem_example_postplace_pwropt.dcp"/>
  <File Type="BITSTR-MSK" Name="sem_0_sem_example.msk"/>
  <File Type="POSTPLACE-PWROPT-TIMING" Name="sem_0_sem_example_timing_summary_postplace_pwropted.rpt"/>
  <File Type="PHYSOPT-DCP" Name="sem_0_sem_example_physopt.dcp"/>
  <File Type="PHYSOPT-DRC" Name="sem_0_sem_example_drc_physopted.rpt"/>
  <File Type="BITSTR-RBT" Name="sem_0_sem_example.rbt"/>
  <File Type="PHYSOPT-TIMING" Name="sem_0_sem_example_timing_summary_physopted.rpt"/>
  <File Type="ROUTE-ERROR-DCP" Name="sem_0_sem_example_routed_error.dcp"/>
  <File Type="ROUTE-DCP" Name="sem_0_sem_example_routed.dcp"/>
  <File Type="ROUTE-BLACKBOX-DCP" Name="sem_0_sem_example_routed_bb.dcp"/>
  <File Type="ROUTE-DRC" Name="sem_0_sem_example_drc_routed.rpt"/>
  <File Type="ROUTE-DRC-PB" Name="sem_0_sem_example_drc_routed.pb"/>
  <File Type="ROUTE-DRC-RPX" Name="sem_0_sem_example_drc_routed.rpx"/>
  <File Type="ROUTE-METHODOLOGY-DRC" Name="sem_0_sem_example_methodology_drc_routed.rpt"/>
  <File Type="ROUTE-METHODOLOGY-DRC-RPX" Name="sem_0_sem_example_methodology_drc_routed.rpx"/>
  <File Type="ROUTE-METHODOLOGY-DRC-PB" Name="sem_0_sem_example_methodology_drc_routed.pb"/>
  <File Type="ROUTE-PWR-RPX" Name="sem_0_sem_example_power_routed.rpx"/>
  <File Type="ROUTE-STATUS" Name="sem_0_sem_example_route_status.rpt"/>
  <File Type="ROUTE-STATUS-PB" Name="sem_0_sem_example_route_status.pb"/>
  <File Type="ROUTE-TIMINGSUMMARY" Name="sem_0_sem_example_timing_summary_routed.rpt"/>
  <File Type="ROUTE-TIMING-PB" Name="sem_0_sem_example_timing_summary_routed.pb"/>
  <File Type="ROUTE-TIMING-RPX" Name="sem_0_sem_example_timing_summary_routed.rpx"/>
  <File Type="ROUTE-SIMILARITY" Name="sem_0_sem_example_incremental_reuse_routed.rpt"/>
  <File Type="ROUTE-CLK" Name="sem_0_sem_example_clock_utilization_routed.rpt"/>
  <File Type="ROUTE-BUS-SKEW" Name="sem_0_sem_example_bus_skew_routed.rpt"/>
  <File Type="ROUTE-BUS-SKEW-PB" Name="sem_0_sem_example_bus_skew_routed.pb"/>
  <File Type="ROUTE-BUS-SKEW-RPX" Name="sem_0_sem_example_bus_skew_routed.rpx"/>
  <File Type="POSTROUTE-PHYSOPT-DCP" Name="sem_0_sem_example_postroute_physopt.dcp"/>
  <File Type="POSTROUTE-PHYSOPT-BLACKBOX-DCP" Name="sem_0_sem_example_postroute_physopt_bb.dcp"/>
  <File Type="POSTROUTE-PHYSOPT-TIMING" Name="sem_0_sem_example_timing_summary_postroute_physopted.rpt"/>
  <File Type="POSTROUTE-PHYSOPT-TIMING-PB" Name="sem_0_sem_example_timing_summary_postroute_physopted.pb"/>
  <File Type="POSTROUTE-PHYSOPT-TIMING-RPX" Name="sem_0_sem_example_timing_summary_postroute_physopted.rpx"/>
  <File Type="POSTROUTE-PHYSOPT-BUS-SKEW" Name="sem_0_sem_example_bus_skew_postroute_physopted.rpt"/>
  <File Type="BG-BIT" Name="sem_0_sem_example.bit"/>
  <File Type="POSTROUTE-PHYSOPT-BUS-SKEW-PB" Name="sem_0_sem_example_bus_skew_postroute_physopted.pb"/>
  <File Type="POSTROUTE-PHYSOPT-BUS-SKEW-RPX" Name="sem_0_sem_example_bus_skew_postroute_physopted.rpx"/>
  <File Type="BITSTR-NKY" Name="sem_0_sem_example.nky"/>
  <File Type="BITSTR-BMM" Name="sem_0_sem_example_bd.bmm"/>
  <File Type="PDI-FILE" Name="sem_0_sem_example.pdi"/>
  <File Type="RCFI_FILE" Name="sem_0_sem_example.rcfi"/>
  <File Type="CFI_FILE" Name="sem_0_sem_example.cfi"/>
  <File Type="RNPI_FILE" Name="sem_0_sem_example.rnpi"/>
  <File Type="NPI_FILE" Name="sem_0_sem_example.npi"/>
  <File Type="RBD_FILE" Name="sem_0_sem_example.rbd"/>
  <File Type="BITSTR-LTX" Name="debug_nets.ltx"/>
  <File Type="BITSTR-LTX" Name="sem_0_sem_example.ltx"/>
  <File Type="BITSTR-SYSDEF" Name="sem_0_sem_example.sysdef"/>
  <File Type="BG-BGN" Name="sem_0_sem_example.bgn"/>
  <File Type="BG-DRC" Name="sem_0_sem_example.drc"/>
  <File Type="RDI-RDI" Name="sem_0_sem_example.vdi"/>
  <File Type="WBT-USG" Name="usage_statistics_webtalk.html"/>
  <FileSet Name="sources" Type="DesignSrcs" RelSrcDir="$PSRCDIR/sources_1" RelGenDir="$PGENDIR/sources_1">
    <Filter Type="Srcs"/>
    <File Path="$PPRDIR/imports/sem_0_sem_cfg.v">
      <FileInfo>
        <Attr Name="UsedIn" Val="synthesis"/>
        <Attr Name="UsedIn" Val="implementation"/>
        <Attr Name="UsedIn" Val="simulation"/>
      </FileInfo>
    </File>
    <File Path="$PPRDIR/imports/sem_0_sem_ext.v">
      <FileInfo>
        <Attr Name="UsedIn" Val="synthesis"/>
        <Attr Name="UsedIn" Val="implementation"/>
        <Attr Name="UsedIn" Val="simulation"/>
      </FileInfo>
    </File>
    <File Path="$PPRDIR/imports/sem_0_sem_ext_byte.v">
      <FileInfo>
        <Attr Name="UsedIn" Val="synthesis"/>
        <Attr Name="UsedIn" Val="implementation"/>
        <Attr Name="UsedIn" Val="simulation"/>
      </FileInfo>
    </File>
    <File Path="$PPRDIR/imports/sem_0_sem_hid.v">
      <FileInfo>
        <Attr Name="UsedIn" Val="synthesis"/>
        <Attr Name="UsedIn" Val="implementation"/>
        <Attr Name="UsedIn" Val="simulation"/>
      </FileInfo>
    </File>
    <File Path="$PPRDIR/imports/sem_0_sem_mon.v">
      <FileInfo>
        <Attr Name="UsedIn" Val="synthesis"/>
        <Attr Name="UsedIn" Val="implementation"/>
        <Attr Name="UsedIn" Val="simulation"/>
      </FileInfo>
    </File>
    <File Path="$PPRDIR/imports/sem_0_sem_mon_fifo.v">
      <FileInfo>
        <Attr Name="UsedIn" Val="synthesis"/>
        <Attr Name="UsedIn" Val="implementation"/>
        <Attr Name="UsedIn" Val="simulation"/>
      </FileInfo>
    </File>
    <File Path="$PPRDIR/imports/sem_0_sem_mon_piso.v">
      <FileInfo>
        <Attr Name="UsedIn" Val="synthesis"/>
        <Attr Name="UsedIn" Val="implementation"/>
        <Attr Name="UsedIn" Val="simulation"/>
      </FileInfo>
    </File>
    <File Path="$PPRDIR/imports/sem_0_sem_mon_sipo.v">
      <FileInfo>
        <Attr Name="UsedIn" Val="synthesis"/>
        <Attr Name="UsedIn" Val="implementation"/>
        <Attr Name="UsedIn" Val="simulation"/>
      </FileInfo>
    </File>
    <File Path="$PPRDIR/imports/sem_0_sem_example.v">
      <FileInfo>
        <Attr Name="UsedIn" Val="synthesis"/>
        <Attr Name="UsedIn" Val="implementation"/>
        <Attr Name="UsedIn" Val="simulation"/>
      </FileInfo>
    </File>
    <File Path="$PPRDIR/imports/makedata.tcl">
      <FileInfo>
        <Attr Name="UsedIn" Val="synthesis"/>
        <Attr Name="UsedIn" Val="implementation"/>
      </FileInfo>
    </File>
    <Config>
      <Option Name="DesignMode" Val="RTL"/>
      <Option Name="TopModule" Val="sem_0_sem_example"/>
    </Config>
  </FileSet>
  <FileSet Name="constrs_in" Type="Constrs" RelSrcDir="$PSRCDIR/constrs_1">
    <Filter Type="Constrs"/>
    <File Path="$PPRDIR/imports/sem_0_sem_example.xdc">
      <FileInfo>
        <Attr Name="UsedIn" Val="synthesis"/>
        <Attr Name="UsedIn" Val="implementation"/>
      </FileInfo>
    </File>
    <Config>
      <Option Name="TargetConstrsFile" Val="$PPRDIR/imports/sem_0_sem_example.xdc"/>
      <Option Name="ConstrsType" Val="XDC"/>
    </Config>
  </FileSet>
  <FileSet Name="utils" Type="Utils" RelSrcDir="$PSRCDIR/utils_1">
    <Filter Type="Utils"/>
    <Config>
      <Option Name="TopAutoSet" Val="TRUE"/>
    </Config>
  </FileSet>
  <Strategy Version="1" Minor="2">
    <StratHandle Name="Vivado Implementation Defaults" Flow="Vivado Implementation 2021">
      <Desc>Default settings for Implementation.</Desc>
    </StratHandle>
    <Step Id="init_design"/>
    <Step Id="opt_design"/>
    <Step Id="power_opt_design"/>
    <Step Id="place_design"/>
    <Step Id="post_place_power_opt_design"/>
    <Step Id="phys_opt_design"/>
    <Step Id="route_design"/>
    <Step Id="post_route_phys_opt_design"/>
    <Step Id="write_bitstream">
      <Option Id="BinFile">1</Option>
    </Step>
  </Strategy>
  <BlockFileSet Type="BlockSrcs" Name="sem_0_sem_vio"/>
  <BlockFileSet Type="BlockSrcs" Name="sem_0"/>
</GenRun>
