<?xml version="1.0" encoding="UTF-8"?>
<GenRun Id="sem_0_synth_1" LaunchPart="xc7a35tcpg236-1" LaunchTime="1701286743">
  <File Type="PA-TCL" Name="sem_0.tcl"/>
  <File Type="RDS-PROPCONSTRS" Name="sem_0_drc_synth.rpt"/>
  <File Type="REPORTS-TCL" Name="sem_0_reports.tcl"/>
  <File Type="RDS-RDS" Name="sem_0.vds"/>
  <File Type="RDS-UTIL" Name="sem_0_utilization_synth.rpt"/>
  <File Type="RDS-UTIL-PB" Name="sem_0_utilization_synth.pb"/>
  <File Type="RDS-DCP" Name="sem_0.dcp"/>
  <File Type="VDS-TIMINGSUMMARY" Name="sem_0_timing_summary_synth.rpt"/>
  <File Type="VDS-TIMING-PB" Name="sem_0_timing_summary_synth.pb"/>
  <FileSet Name="sources" Type="BlockSrcs" RelSrcDir="$PSRCDIR/sem_0">
    <File Path="$PSRCDIR/sources_1/ip/sem_0/sem_0.xci">
      <FileInfo>
        <Attr Name="ImportPath" Val="$PPRDIR/../FPGA/project/project.srcs/sources_1/ip/sem_0_1/sem_0.xci"/>
        <Attr Name="ImportTime" Val="1701106358"/>
        <Attr Name="UsedIn" Val="synthesis"/>
        <Attr Name="UsedIn" Val="implementation"/>
        <Attr Name="UsedIn" Val="simulation"/>
      </FileInfo>
    </File>
    <Config>
      <Option Name="TopModule" Val="sem_0"/>
      <Option Name="UseBlackboxStub" Val="1"/>
    </Config>
  </FileSet>
  <FileSet Name="constrs_in" Type="BlockSrcs" RelSrcDir="$PSRCDIR/sem_0">
    <File Path="$PSRCDIR/sources_1/ip/sem_0/sem_0.xci">
      <FileInfo>
        <Attr Name="ImportPath" Val="$PPRDIR/../FPGA/project/project.srcs/sources_1/ip/sem_0_1/sem_0.xci"/>
        <Attr Name="ImportTime" Val="1701106358"/>
        <Attr Name="UsedIn" Val="synthesis"/>
        <Attr Name="UsedIn" Val="implementation"/>
        <Attr Name="UsedIn" Val="simulation"/>
      </FileInfo>
    </File>
    <Config>
      <Option Name="TopModule" Val="sem_0"/>
      <Option Name="UseBlackboxStub" Val="1"/>
    </Config>
  </FileSet>
  <FileSet Name="utils" Type="Utils" RelSrcDir="$PSRCDIR/utils_1">
    <Filter Type="Utils"/>
    <Config>
      <Option Name="TopAutoSet" Val="TRUE"/>
    </Config>
  </FileSet>
  <Strategy Version="1" Minor="2">
    <StratHandle Name="Vivado Synthesis Defaults" Flow="Vivado Synthesis 2021">
      <Desc>Vivado Synthesis Defaults</Desc>
    </StratHandle>
    <Step Id="synth_design"/>
  </Strategy>
</GenRun>
