<?xml version="1.0" encoding="UTF-8"?>
<!-- Product Version: Vivado v2021.1 (64-bit)                     -->
<!--                                                              -->
<!-- Copyright 1986-2021 Xilinx, Inc. All Rights Reserved.        -->

<hwsession version="1" minor="2">
  <device name="xc7a35t_0" gui_info="dashboard1=hw_vios[xc7a35t_0/hw_vio_1=VIO_PROBES_1;]"/>
  <ObjectList object_type="hw_cfgmem" gui_info="">
    <Object name="" gui_info="">
      <Properties Property="PROGRAM.ADDRESS_RANGE" value="use_file"/>
      <Properties Property="PROGRAM.BLANK_CHECK" value="0"/>
      <Properties Property="PROGRAM.CFG_PROGRAM" value="1"/>
      <Properties Property="PROGRAM.CHECKSUM" value="0"/>
      <Properties Property="PROGRAM.ERASE" value="1"/>
      <Properties Property="PROGRAM.FILES" value="$_project_name_.runs/impl_1/datafile.bin"/>
      <Properties Property="PROGRAM.PRM_FILE" value=""/>
      <Properties Property="PROGRAM.UNUSED_PIN_TERMINATION" value="pull-none"/>
      <Properties Property="PROGRAM.VERIFY" value="1"/>
    </Object>
  </ObjectList>
  <ObjectList object_type="hw_device" gui_info="">
    <Object name="xc7a35t_0" gui_info="">
      <Properties Property="FULL_PROBES.FILE" value="$_project_name_.runs/impl_1/sem_0_sem_example.ltx"/>
      <Properties Property="PROBES.FILE" value="$_project_name_.runs/impl_1/sem_0_sem_example.ltx"/>
      <Properties Property="PROGRAM.HW_BITSTREAM" value="$_project_name_.runs/impl_1/sem_0_sem_example.bit"/>
      <Properties Property="PROGRAM.HW_CFGMEM_PART" value="mx25l3233f-spi-x1_x2_x4"/>
      <Properties Property="SLR.COUNT" value="1"/>
    </Object>
  </ObjectList>
  <ObjectList object_type="hw_probe" gui_info="">
    <Object name="example_hid/inject_address_internal[39:0]" gui_info="hw_vios/hw_vio_1=3"/>
    <Object name="example_hid/inject_strobe_internal" gui_info="hw_vios/hw_vio_1=4"/>
    <Object name="example_hid/status_classification" gui_info="hw_vios/hw_vio_1=5"/>
    <Object name="example_hid/status_correction" gui_info="hw_vios/hw_vio_1=6"/>
    <Object name="example_hid/status_essential" gui_info="hw_vios/hw_vio_1=7"/>
    <Object name="example_hid/status_heartbeat" gui_info="hw_vios/hw_vio_1=8"/>
    <Object name="example_hid/status_initialization" gui_info="hw_vios/hw_vio_1=0"/>
    <Object name="example_hid/status_injection" gui_info="hw_vios/hw_vio_1=9"/>
    <Object name="example_hid/status_observation" gui_info="hw_vios/hw_vio_1=1"/>
    <Object name="example_hid/status_uncorrectable" gui_info="hw_vios/hw_vio_1=2"/>
  </ObjectList>
  <probeset name="hw project" active="false">
    <probe type="vio_input" busType="net" source="netlist" spec="VIO_INPUT_V2_RT">
      <probeOptions Id="DebugProbeParams">
        <Option Id="ACTIVITY_PERSISTENCE" value="SHORT"/>
        <Option Id="DISPLAY_HINT" value="InputDisplay:LED;LED_Low:255,0,0,;LED_High:128,128,128,;"/>
        <Option Id="DISPLAY_VISIBILITY" value=""/>
        <Option Id="HW_VIO" value="hw_vio_1"/>
        <Option Id="INPUT_VALUE_RADIX" value="BINARY"/>
        <Option Id="NAME.CUSTOM" value=""/>
        <Option Id="NAME.SELECT" value="Long"/>
        <Option Id="SOURCE" value="netlist"/>
      </probeOptions>
      <nets>
        <net name="example_hid/status_classification"/>
      </nets>
    </probe>
    <probe type="vio_input" busType="net" source="netlist" spec="VIO_INPUT_V2_RT">
      <probeOptions Id="DebugProbeParams">
        <Option Id="ACTIVITY_PERSISTENCE" value="SHORT"/>
        <Option Id="DISPLAY_HINT" value="InputDisplay:LED;LED_Low:255,0,0,;LED_High:128,128,128,;"/>
        <Option Id="DISPLAY_VISIBILITY" value=""/>
        <Option Id="HW_VIO" value="hw_vio_1"/>
        <Option Id="INPUT_VALUE_RADIX" value="BINARY"/>
        <Option Id="NAME.CUSTOM" value=""/>
        <Option Id="NAME.SELECT" value="Long"/>
        <Option Id="SOURCE" value="netlist"/>
      </probeOptions>
      <nets>
        <net name="example_hid/status_correction"/>
      </nets>
    </probe>
    <probe type="vio_input" busType="net" source="netlist" spec="VIO_INPUT_V2_RT">
      <probeOptions Id="DebugProbeParams">
        <Option Id="ACTIVITY_PERSISTENCE" value="SHORT"/>
        <Option Id="DISPLAY_HINT" value="InputDisplay:LED;LED_Low:255,0,0,;LED_High:0,255,0,;"/>
        <Option Id="DISPLAY_VISIBILITY" value=""/>
        <Option Id="HW_VIO" value="hw_vio_1"/>
        <Option Id="INPUT_VALUE_RADIX" value="BINARY"/>
        <Option Id="NAME.CUSTOM" value=""/>
        <Option Id="NAME.SELECT" value="Long"/>
        <Option Id="SOURCE" value="netlist"/>
      </probeOptions>
      <nets>
        <net name="example_hid/status_essential"/>
      </nets>
    </probe>
    <probe type="vio_input" busType="net" source="netlist" spec="VIO_INPUT_V2_RT">
      <probeOptions Id="DebugProbeParams">
        <Option Id="ACTIVITY_PERSISTENCE" value="SHORT"/>
        <Option Id="DISPLAY_HINT" value="InputDisplay:LED;LED_Low:255,0,0,;LED_High:128,128,128,;"/>
        <Option Id="DISPLAY_VISIBILITY" value=""/>
        <Option Id="HW_VIO" value="hw_vio_1"/>
        <Option Id="INPUT_VALUE_RADIX" value="BINARY"/>
        <Option Id="NAME.CUSTOM" value=""/>
        <Option Id="NAME.SELECT" value="Long"/>
        <Option Id="SOURCE" value="netlist"/>
      </probeOptions>
      <nets>
        <net name="example_hid/status_heartbeat"/>
      </nets>
    </probe>
    <probe type="vio_input" busType="net" source="netlist" spec="VIO_INPUT_V2_RT">
      <probeOptions Id="DebugProbeParams">
        <Option Id="ACTIVITY_PERSISTENCE" value="SHORT"/>
        <Option Id="DISPLAY_HINT" value="InputDisplay:LED;LED_Low:255,0,0,;LED_High:128,128,128,;"/>
        <Option Id="DISPLAY_VISIBILITY" value=""/>
        <Option Id="HW_VIO" value="hw_vio_1"/>
        <Option Id="INPUT_VALUE_RADIX" value="BINARY"/>
        <Option Id="NAME.CUSTOM" value=""/>
        <Option Id="NAME.SELECT" value="Long"/>
        <Option Id="SOURCE" value="netlist"/>
      </probeOptions>
      <nets>
        <net name="example_hid/status_initialization"/>
      </nets>
    </probe>
    <probe type="vio_input" busType="net" source="netlist" spec="VIO_INPUT_V2_RT">
      <probeOptions Id="DebugProbeParams">
        <Option Id="ACTIVITY_PERSISTENCE" value="SHORT"/>
        <Option Id="DISPLAY_HINT" value="InputDisplay:LED;LED_Low:255,0,0,;LED_High:128,128,128,;"/>
        <Option Id="DISPLAY_VISIBILITY" value=""/>
        <Option Id="HW_VIO" value="hw_vio_1"/>
        <Option Id="INPUT_VALUE_RADIX" value="BINARY"/>
        <Option Id="NAME.CUSTOM" value=""/>
        <Option Id="NAME.SELECT" value="Long"/>
        <Option Id="SOURCE" value="netlist"/>
      </probeOptions>
      <nets>
        <net name="example_hid/status_injection"/>
      </nets>
    </probe>
    <probe type="vio_input" busType="net" source="netlist" spec="VIO_INPUT_V2_RT">
      <probeOptions Id="DebugProbeParams">
        <Option Id="ACTIVITY_PERSISTENCE" value="SHORT"/>
        <Option Id="DISPLAY_HINT" value="InputDisplay:LED;LED_Low:255,0,0,;LED_High:0,255,0,;"/>
        <Option Id="DISPLAY_VISIBILITY" value=""/>
        <Option Id="HW_VIO" value="hw_vio_1"/>
        <Option Id="INPUT_VALUE_RADIX" value="BINARY"/>
        <Option Id="NAME.CUSTOM" value=""/>
        <Option Id="NAME.SELECT" value="Long"/>
        <Option Id="SOURCE" value="netlist"/>
      </probeOptions>
      <nets>
        <net name="example_hid/status_observation"/>
      </nets>
    </probe>
    <probe type="vio_input" busType="net" source="netlist" spec="VIO_INPUT_V2_RT">
      <probeOptions Id="DebugProbeParams">
        <Option Id="ACTIVITY_PERSISTENCE" value="SHORT"/>
        <Option Id="DISPLAY_HINT" value="InputDisplay:LED;LED_Low:255,0,0,;LED_High:0,255,0,;"/>
        <Option Id="DISPLAY_VISIBILITY" value=""/>
        <Option Id="HW_VIO" value="hw_vio_1"/>
        <Option Id="INPUT_VALUE_RADIX" value="BINARY"/>
        <Option Id="NAME.CUSTOM" value=""/>
        <Option Id="NAME.SELECT" value="Long"/>
        <Option Id="SOURCE" value="netlist"/>
      </probeOptions>
      <nets>
        <net name="example_hid/status_uncorrectable"/>
      </nets>
    </probe>
    <probe type="vio_output" busType="bus" source="netlist" spec="VIO_OUTPUT_V2_RT">
      <probeOptions Id="DebugProbeParams">
        <Option Id="DISPLAY_HINT" value=""/>
        <Option Id="DISPLAY_VISIBILITY" value=""/>
        <Option Id="HW_VIO" value="hw_vio_1"/>
        <Option Id="NAME.CUSTOM" value=""/>
        <Option Id="NAME.SELECT" value="Long"/>
        <Option Id="OUTPUT_VALUE" value="0000000000"/>
        <Option Id="OUTPUT_VALUE_RADIX" value="HEX"/>
        <Option Id="SOURCE" value="netlist"/>
      </probeOptions>
      <nets>
        <net name="example_hid/inject_address_internal[39]"/>
        <net name="example_hid/inject_address_internal[38]"/>
        <net name="example_hid/inject_address_internal[37]"/>
        <net name="example_hid/inject_address_internal[36]"/>
        <net name="example_hid/inject_address_internal[35]"/>
        <net name="example_hid/inject_address_internal[34]"/>
        <net name="example_hid/inject_address_internal[33]"/>
        <net name="example_hid/inject_address_internal[32]"/>
        <net name="example_hid/inject_address_internal[31]"/>
        <net name="example_hid/inject_address_internal[30]"/>
        <net name="example_hid/inject_address_internal[29]"/>
        <net name="example_hid/inject_address_internal[28]"/>
        <net name="example_hid/inject_address_internal[27]"/>
        <net name="example_hid/inject_address_internal[26]"/>
        <net name="example_hid/inject_address_internal[25]"/>
        <net name="example_hid/inject_address_internal[24]"/>
        <net name="example_hid/inject_address_internal[23]"/>
        <net name="example_hid/inject_address_internal[22]"/>
        <net name="example_hid/inject_address_internal[21]"/>
        <net name="example_hid/inject_address_internal[20]"/>
        <net name="example_hid/inject_address_internal[19]"/>
        <net name="example_hid/inject_address_internal[18]"/>
        <net name="example_hid/inject_address_internal[17]"/>
        <net name="example_hid/inject_address_internal[16]"/>
        <net name="example_hid/inject_address_internal[15]"/>
        <net name="example_hid/inject_address_internal[14]"/>
        <net name="example_hid/inject_address_internal[13]"/>
        <net name="example_hid/inject_address_internal[12]"/>
        <net name="example_hid/inject_address_internal[11]"/>
        <net name="example_hid/inject_address_internal[10]"/>
        <net name="example_hid/inject_address_internal[9]"/>
        <net name="example_hid/inject_address_internal[8]"/>
        <net name="example_hid/inject_address_internal[7]"/>
        <net name="example_hid/inject_address_internal[6]"/>
        <net name="example_hid/inject_address_internal[5]"/>
        <net name="example_hid/inject_address_internal[4]"/>
        <net name="example_hid/inject_address_internal[3]"/>
        <net name="example_hid/inject_address_internal[2]"/>
        <net name="example_hid/inject_address_internal[1]"/>
        <net name="example_hid/inject_address_internal[0]"/>
      </nets>
    </probe>
    <probe type="vio_output" busType="net" source="netlist" spec="VIO_OUTPUT_V2_RT">
      <probeOptions Id="DebugProbeParams">
        <Option Id="DISPLAY_HINT" value=""/>
        <Option Id="DISPLAY_VISIBILITY" value=""/>
        <Option Id="HW_VIO" value="hw_vio_1"/>
        <Option Id="NAME.CUSTOM" value=""/>
        <Option Id="NAME.SELECT" value="Long"/>
        <Option Id="OUTPUT_VALUE" value="0"/>
        <Option Id="OUTPUT_VALUE_RADIX" value="BINARY"/>
        <Option Id="SOURCE" value="netlist"/>
      </probeOptions>
      <nets>
        <net name="example_hid/inject_strobe_internal"/>
      </nets>
    </probe>
  </probeset>
</hwsession>
